test_id,pcap_file,pcap_size_mb,packet_type,packet_count,avg_packet_size,total_payload_bytes,pattern_count,patterns,cpu_pattern_time,gpu_pattern_time,cpu_matches,gpu_matches,cpu_throughput_mbps,gpu_throughput_mbps,speedup,validation_passed,timeout_reached,cpu_algorithm,gpu_algorithm,gpu_batch_count,gpu_kernel_launches
test_001,synthetic_50mb.pcapng,6.5278778076171875,small,34952,139,4887640,1,"[""HTTP""]",0.13135123252868652,30.655709743499756,2572,2572,35.486661572222815,0.15205052418752787,0.004284723258007043,True,False,Boyer-Moore-Horspool,Aho-Corasick,350,350
test_002,synthetic_50mb.pcapng,6.5278778076171875,small,34952,139,4887640,4,"[""HTTP"", ""GET"", ""POST"", ""Content-Type""]",0.9584593772888184,91.78735709190369,7375,7375,4.8632386998236345,0.05078277535731549,0.010442172077458818,True,False,Aho-Corasick,Aho-Corasick,350,350
test_004,synthetic_large_50mb.pcapng,48.57822799682617,large,1920,26460,50803540,1,"[""HTTP""]",2.0665414333343506,5.048877954483032,1120,1120,23.444984213233887,9.596197752710088,0.4093070682168924,True,False,Boyer-Moore-Horspool,Aho-Corasick,20,20
test_005,synthetic_large_50mb.pcapng,48.57822799682617,large,1920,26460,50803540,4,"[""HTTP"", ""GET"", ""POST"", ""Content-Type""]",3.870359182357788,3.7890477180480957,2240,2240,12.518226086448713,12.786862263502005,1.0214596041961646,True,False,Aho-Corasick,Aho-Corasick,20,20
test_006,synthetic_large_50mb.pcapng,48.57822799682617,large,1920,26460,50803540,8,"[""HTTP"", ""GET"", ""POST"", ""Content-Type"", ""User-Agent"", ""Accept"", ""Host"", ""Cookie""]",3.674368143081665,3.9304258823394775,2408,2408,13.185949092156807,12.326916403186068,0.9348524188158965,True,False,Aho-Corasick,Aho-Corasick,20,20
